{"Version":"0.0.0","Data":{"GameState":"{\"Version\":\"1.0.0\",\"SaveTime\":\"2024-02-28T21:35:45.0517974+08:00\",\"GameType\":\"Normal\",\"GameId\":\"83aa0e41-bfbf-48d2-a950-de21c2f6bdb3\",\"GameDays\":23,\"GameHours\":5,\"GameMinutes\":49,\"GameSeconds\":31,\"GameMilliseconds\":133,\"CrashSite\":\"ocean\",\"NamedIntDatas\":[{\"SaveObjectNameId\":\"TacticalGpsLocator.002\"},{\"SaveObjectNameId\":\"TacticalGpsLocator.005\"},{\"SaveObjectNameId\":\"TacticalGpsLocator.000\"},{\"SaveObjectNameId\":\"TacticalGpsLocator.003\"},{\"SaveObjectNameId\":\"TacticalGpsLocator.001\"},{\"SaveObjectNameId\":\"TacticalGpsLocator.004\",\"SaveValue\":1},{\"SaveObjectNameId\":\"WorkerGpsLocator.000\"},{\"SaveObjectNameId\":\"WorkerGpsLocator.002\"},{\"SaveObjectNameId\":\"WorkerGpsLocator.001\"},{\"SaveObjectNameId\":\"WorkerGpsLocator.005\"},{\"SaveObjectNameId\":\"WorkerGpsLocator.003\",\"SaveValue\":1},{\"SaveObjectNameId\":\"WorkerGpsLocator.006\"},{\"SaveObjectNameId\":\"WorkerGpsLocator.004\"},{\"SaveObjectNameId\":\"LightningPOI.001\"},{\"SaveObjectNameId\":\"LightningPOI.005\"},{\"SaveObjectNameId\":\"LightningPOI.002\"},{\"SaveObjectNameId\":\"LightningPOI.003\"},{\"SaveObjectNameId\":\"LightningPOI.006\"},{\"SaveObjectNameId\":\"LightningPOI.004\"},{\"SaveObjectNameId\":\"BuriedTacticalGpsPickedUp\",\"SaveValue\":1},{\"SaveObjectNameId\":\"RaftTacticalFound\"},{\"SaveObjectNameId\":\"HangingTacticalFound\"},{\"SaveObjectNameId\":\"BuriedTacticalFound\",\"SaveValue\":1},{\"SaveObjectNameId\":\"HangingTacticalGpsPickedUp\"},{\"SaveObjectNameId\":\"RaftTacticalGpsPickeUp\"},{\"SaveObjectNameId\":\"DyingTacticalA.008\"},{\"SaveObjectNameId\":\"DyingTacticalB.000\",\"SaveValue\":1},{\"SaveObjectNameId\":\"DyingTacticalA.001\",\"SaveValue\":1},{\"SaveObjectNameId\":\"DyingTacticalA.007\"},{\"SaveObjectNameId\":\"LuxuryBunker.EntranceDoor\",\"SaveValue\":3},{\"SaveObjectNameId\":\"BunkerResidential.ExitDoor\",\"SaveValue\":3},{\"SaveObjectNameId\":\"BunkerResidential.EntranceDoor\",\"SaveValue\":3},{\"SaveObjectNameId\":\"BunkerFoodAndDining.EntranceDoor\",\"SaveValue\":3},{\"SaveObjectNameId\":\"BunkerFoodAndDining.DiningDoor\",\"SaveValue\":3},{\"SaveObjectNameId\":\"BunkerFoodAndDining.EntranceHatch\",\"SaveValue\":3},{\"SaveObjectNameId\":\"BunkerFoodAndDining.PufftonBossSpawn\",\"SaveValue\":1},{\"SaveObjectNameId\":\"BunkerFoodAndDining.Cutscene.PuffysVsBadGuys\",\"SaveValue\":1},{\"SaveObjectNameId\":\"EntertainmentBunker.EntranceDoor\",\"SaveValue\":3},{\"SaveObjectNameId\":\"EntertainmentBunker.ComputerRoomDoor\",\"SaveValue\":3},{\"SaveObjectNameId\":\"EntertainmentBunker.ExitDoor\",\"SaveValue\":3},{\"SaveObjectNameId\":\"EntertainmentBunker.HallwayTimmy\",\"SaveValue\":1},{\"SaveObjectNameId\":\"BunkerA.EntranceHatch\",\"SaveValue\":3},{\"SaveObjectNameId\":\"BunkerB.EntranceHatch\",\"SaveValue\":3},{\"SaveObjectNameId\":\"BunkerC.EntranceHatch\",\"SaveValue\":3},{\"SaveObjectNameId\":\"CaveB.Sluggy\",\"SaveValue\":3},{\"SaveObjectNameId\":\"CaveC.Sluggy\",\"SaveValue\":2},{\"SaveObjectNameId\":\"BunkerResidential.Cutscene.GetDownSon\",\"SaveValue\":1},{\"SaveObjectNameId\":\"CaveA.BoardsA\",\"SaveValue\":1},{\"SaveObjectNameId\":\"CaveA.BoardsB\",\"SaveValue\":1},{\"SaveObjectNameId\":\"CaveD.BoardsA\",\"SaveValue\":1},{\"SaveObjectNameId\":\"CaveD.BoardsB\",\"SaveValue\":1},{\"SaveObjectNameId\":\"CaveD.BoardsC\",\"SaveValue\":1},{\"SaveObjectNameId\":\"CaveD.BoardsD\",\"SaveValue\":1},{\"SaveObjectNameId\":\"CaveD.BoardsE\",\"SaveValue\":1},{\"SaveObjectNameId\":\"CaveD.BoardsF\",\"SaveValue\":1},{\"SaveObjectNameId\":\"CaveD.BoardsH\",\"SaveValue\":1},{\"SaveObjectNameId\":\"CaveD.BoardsI\",\"SaveValue\":1},{\"SaveObjectNameId\":\"Tactical.HangingA\",\"SaveValue\":1},{\"SaveObjectNameId\":\"Tactical.GraveA\",\"SaveValue\":1},{\"SaveObjectNameId\":\"Endgame.CoreGameCompleted\"},{\"SaveObjectNameId\":\"LuxuryBunker.HellDoorCaveEntrance\",\"SaveValue\":3},{\"SaveObjectNameId\":\"CaveF.Boards\"},{\"SaveObjectNameId\":\"CaveD.BoardsG\"},{\"SaveObjectNameId\":\"HellCave.MutantDemonBossIntro\",\"SaveValue\":1},{\"SaveObjectNameId\":\"DyingTacticalB.002\",\"SaveValue\":1}]}"}}