{"Version":"0.0.0","Data":{"PlayerInventory":"{\"Version\":\"1.0.0\",\"QuickSelect\":{\"Version\":\"0.0.0\",\"Slots\":[{\"ItemId\":379,\"Age\":168.375732},{\"ItemId\":392,\"Age\":168.375732},{\"ItemId\":426,\"Age\":168.375732},{\"ItemId\":393,\"Age\":168.375732},{\"ItemId\":433,\"Age\":168.375732},{\"ItemId\":529,\"Age\":168.375732},{\"ItemId\":476,\"Age\":168.375732},{\"ItemId\":421,\"Age\":168.375732},{\"ItemId\":589,\"Age\":168.375732}]},\"EquippedItems\":[{\"ItemId\":358,\"Modules\":[{\"Version\":\"0.0.0\",\"ModuleId\":8},{\"AmmoType\":363,\"CurrentAmmo\":8,\"WeaponModIds\":[-1768658424,1931934742],\"Version\":\"0.0.0\",\"ModuleId\":4}]}],\"ItemInstanceManagerData\":{\"Version\":\"0.0.0\",\"ItemBlocks\":[{\"ItemId\":402,\"TotalCount\":1,\"UniqueItems\":[{\"Modules\":[{\"Version\":\"0.0.0\"}]}]},{\"ItemId\":380,\"TotalCount\":1,\"UniqueItems\":[{\"Modules\":[{\"ChannelWeights\":{\"x\":4.203895E-45},\"Version\":\"0.0.0\"}]}]},{\"ItemId\":351,\"TotalCount\":1,\"UniqueItems\":[]},{\"ItemId\":552,\"TotalCount\":1,\"UniqueItems\":[]},{\"ItemId\":690,\"TotalCount\":1,\"UniqueItems\":[]},{\"ItemId\":486,\"TotalCount\":1,\"UniqueItems\":[]},{\"ItemId\":476,\"TotalCount\":8,\"UniqueItems\":[]},{\"ItemId\":393,\"TotalCount\":4,\"UniqueItems\":[]},{\"ItemId\":484,\"TotalCount\":1000,\"UniqueItems\":[]},{\"ItemId\":392,\"TotalCount\":13,\"UniqueItems\":[]},{\"ItemId\":529,\"TotalCount\":3,\"UniqueItems\":[{\"Modules\":[{\"IconIndex\":11,\"Version\":\"0.0.0\",\"ModuleId\":2}]},{\"Modules\":[{\"IconIndex\":17,\"Version\":\"0.0.0\",\"ModuleId\":2}]},{\"Modules\":[{\"IconIndex\":20,\"Version\":\"0.0.0\",\"ModuleId\":2}]}]},{\"ItemId\":508,\"TotalCount\":6,\"UniqueItems\":[]},{\"ItemId\":413,\"TotalCount\":1,\"UniqueItems\":[]},{\"ItemId\":589,\"TotalCount\":1,\"UniqueItems\":[]},{\"ItemId\":479,\"TotalCount\":1,\"UniqueItems\":[]},{\"ItemId\":661,\"TotalCount\":3,\"UniqueItems\":[]},{\"ItemId\":421,\"TotalCount\":4,\"UniqueItems\":[]},{\"ItemId\":425,\"TotalCount\":4,\"UniqueItems\":[]},{\"ItemId\":466,\"TotalCount\":2,\"UniqueItems\":[{\"Modules\":[{\"CurrentState\":3,\"Version\":\"0.0.0\",\"ModuleId\":3}]},{\"Modules\":[{\"CurrentState\":3,\"Version\":\"0.0.0\",\"ModuleId\":3}]}]},{\"ItemId\":433,\"TotalCount\":6,\"UniqueItems\":[{\"Modules\":[{\"CurrentState\":3,\"Version\":\"0.0.0\",\"ModuleId\":3}]},{\"Modules\":[{\"CurrentState\":3,\"Version\":\"0.0.0\",\"ModuleId\":3}]},{\"Modules\":[{\"CurrentState\":3,\"Version\":\"0.0.0\",\"ModuleId\":3}]},{\"Modules\":[{\"CurrentState\":3,\"Version\":\"0.0.0\",\"ModuleId\":3}]},{\"Modules\":[{\"CurrentState\":3,\"Version\":\"0.0.0\",\"ModuleId\":3}]},{\"Modules\":[{\"CurrentState\":3,\"Version\":\"0.0.0\",\"ModuleId\":3}]}]},{\"ItemId\":441,\"TotalCount\":3,\"UniqueItems\":[]},{\"ItemId\":368,\"TotalCount\":8,\"UniqueItems\":[]},{\"ItemId\":365,\"TotalCount\":1,\"UniqueItems\":[{\"Modules\":[{\"AmmoType\":368,\"CurrentAmmo\":1,\"WeaponModIds\":[],\"Version\":\"0.0.0\",\"ModuleId\":4}]}]},{\"ItemId\":434,\"TotalCount\":5,\"UniqueItems\":[]},{\"ItemId\":523,\"TotalCount\":1,\"UniqueItems\":[]},{\"ItemId\":439,\"TotalCount\":10,\"UniqueItems\":[]},{\"ItemId\":568,\"TotalCount\":1,\"UniqueItems\":[]},{\"ItemId\":677,\"TotalCount\":1,\"UniqueItems\":[]},{\"ItemId\":627,\"TotalCount\":1,\"UniqueItems\":[]},{\"ItemId\":482,\"TotalCount\":1,\"UniqueItems\":[{\"Modules\":[{\"SourceActorType\":12,\"Version\":\"0.0.0\",\"ModuleId\":1},{\"CurrentState\":3,\"Version\":\"0.0.0\",\"ModuleId\":3}]}]},{\"ItemId\":480,\"TotalCount\":2,\"UniqueItems\":[{\"Modules\":[{\"Version\":\"0.0.0\",\"ModuleId\":1},{\"CurrentState\":3,\"Version\":\"0.0.0\",\"ModuleId\":3},{\"Version\":\"0.0.0\"}]},{\"Modules\":[{\"Version\":\"0.0.0\",\"ModuleId\":1},{\"CurrentState\":3,\"Version\":\"0.0.0\",\"ModuleId\":3},{\"Version\":\"0.0.0\"}]}]},{\"ItemId\":474,\"TotalCount\":3,\"UniqueItems\":[{\"Modules\":[{\"Version\":\"0.0.0\"}]},{\"Modules\":[{\"ChannelWeights\":{\"x\":9.004831E-13},\"Version\":\"0.0.0\"},{\"AmmoType\":474,\"CurrentAmmo\":1,\"WeaponModIds\":[],\"Version\":\"0.0.0\",\"ModuleId\":4}]},{\"Modules\":[{\"ChannelWeights\":{\"x\":9.004831E-13},\"Version\":\"0.0.0\"},{\"AmmoType\":474,\"CurrentAmmo\":1,\"WeaponModIds\":[],\"Version\":\"0.0.0\",\"ModuleId\":4}]}]},{\"ItemId\":451,\"TotalCount\":1,\"UniqueItems\":[]},{\"ItemId\":517,\"TotalCount\":1,\"UniqueItems\":[{\"Modules\":[{\"RecipeId\":-1,\"Version\":\"0.0.0\",\"ModuleId\":7}]}]},{\"ItemId\":472,\"TotalCount\":1,\"UniqueItems\":[]},{\"ItemId\":651,\"TotalCount\":1,\"UniqueItems\":[]},{\"ItemId\":575,\"TotalCount\":1,\"UniqueItems\":[]},{\"ItemId\":634,\"TotalCount\":3,\"UniqueItems\":[]},{\"ItemId\":414,\"TotalCount\":6,\"UniqueItems\":[]},{\"ItemId\":410,\"TotalCount\":9,\"UniqueItems\":[]},{\"ItemId\":496,\"TotalCount\":403,\"UniqueItems\":[]},{\"ItemId\":502,\"TotalCount\":33,\"UniqueItems\":[]},{\"ItemId\":590,\"TotalCount\":1,\"UniqueItems\":[]},{\"ItemId\":437,\"TotalCount\":6,\"UniqueItems\":[]},{\"ItemId\":705,\"TotalCount\":1,\"UniqueItems\":[]},{\"ItemId\":467,\"TotalCount\":1,\"UniqueItems\":[]},{\"ItemId\":546,\"TotalCount\":1,\"UniqueItems\":[]},{\"ItemId\":340,\"TotalCount\":1,\"UniqueItems\":[{\"Modules\":[{\"Version\":\"0.0.0\"},{\"Version\":\"0.0.0\",\"ModuleId\":8}]}]},{\"ItemId\":693,\"TotalCount\":1,\"UniqueItems\":[]},{\"ItemId\":567,\"TotalCount\":1,\"UniqueItems\":[]},{\"ItemId\":543,\"TotalCount\":1,\"UniqueItems\":[]},{\"ItemId\":364,\"TotalCount\":24,\"UniqueItems\":[]},{\"ItemId\":387,\"TotalCount\":998,\"UniqueItems\":[]},{\"ItemId\":655,\"TotalCount\":1,\"UniqueItems\":[]},{\"ItemId\":611,\"TotalCount\":1,\"UniqueItems\":[]},{\"ItemId\":394,\"TotalCount\":1,\"UniqueItems\":[{\"Modules\":[{\"RecipeId\":-1,\"CurrentVolume\":100,\"Version\":\"0.0.0\",\"ModuleId\":7},{\"Version\":\"0.0.0\"}]}]},{\"ItemId\":405,\"TotalCount\":8,\"UniqueItems\":[]},{\"ItemId\":503,\"TotalCount\":1,\"UniqueItems\":[{\"Modules\":[{\"Version\":\"0.0.0\"}]}]},{\"ItemId\":448,\"TotalCount\":9,\"UniqueItems\":[]},{\"ItemId\":374,\"TotalCount\":1,\"UniqueItems\":[]},{\"ItemId\":381,\"TotalCount\":5,\"UniqueItems\":[]},{\"ItemId\":594,\"TotalCount\":20,\"UniqueItems\":[]},{\"ItemId\":602,\"TotalCount\":12,\"UniqueItems\":[]},{\"ItemId\":490,\"TotalCount\":1,\"UniqueItems\":[]},{\"ItemId\":362,\"TotalCount\":82,\"UniqueItems\":[]},{\"ItemId\":426,\"TotalCount\":1,\"UniqueItems\":[{\"Modules\":[{\"RecipeId\":-521362042,\"CurrentVolume\":1000,\"Version\":\"0.0.0\",\"ModuleId\":7}]}]},{\"ItemId\":599,\"TotalCount\":20,\"UniqueItems\":[]},{\"ItemId\":725,\"TotalCount\":19,\"UniqueItems\":[]},{\"ItemId\":724,\"TotalCount\":20,\"UniqueItems\":[]},{\"ItemId\":446,\"TotalCount\":4,\"UniqueItems\":[]},{\"ItemId\":379,\"TotalCount\":1,\"UniqueItems\":[{\"Modules\":[{\"ChannelWeights\":{\"x\":6.037961E-10},\"Version\":\"0.0.0\"},{\"Version\":\"0.0.0\",\"ModuleId\":8}]}]},{\"ItemId\":412,\"TotalCount\":1,\"UniqueItems\":[]},{\"ItemId\":604,\"TotalCount\":4,\"UniqueItems\":[]},{\"ItemId\":596,\"TotalCount\":2,\"UniqueItems\":[]},{\"ItemId\":606,\"TotalCount\":8,\"UniqueItems\":[]},{\"ItemId\":633,\"TotalCount\":1,\"UniqueItems\":[]},{\"ItemId\":469,\"TotalCount\":4,\"UniqueItems\":[]},{\"ItemId\":613,\"TotalCount\":1,\"UniqueItems\":[]},{\"ItemId\":436,\"TotalCount\":2,\"UniqueItems\":[{\"Modules\":[{\"CurrentState\":3,\"Version\":\"0.0.0\",\"ModuleId\":3}]},{\"Modules\":[{\"CurrentState\":3,\"Version\":\"0.0.0\",\"ModuleId\":3}]}]},{\"ItemId\":403,\"TotalCount\":10,\"UniqueItems\":[]},{\"ItemId\":481,\"TotalCount\":2,\"UniqueItems\":[{\"Modules\":[{\"Version\":\"0.0.0\",\"ModuleId\":1},{\"CurrentState\":3,\"Version\":\"0.0.0\",\"ModuleId\":3},{\"Version\":\"0.0.0\"}]},{\"Modules\":[{\"Version\":\"0.0.0\",\"ModuleId\":1},{\"CurrentState\":3,\"Version\":\"0.0.0\",\"ModuleId\":3},{\"Version\":\"0.0.0\"}]}]},{\"ItemId\":418,\"TotalCount\":9,\"UniqueItems\":[]},{\"ItemId\":438,\"TotalCount\":6,\"UniqueItems\":[]},{\"ItemId\":415,\"TotalCount\":17,\"UniqueItems\":[]},{\"ItemId\":440,\"TotalCount\":6,\"UniqueItems\":[]},{\"ItemId\":444,\"TotalCount\":1,\"UniqueItems\":[{\"Modules\":[{\"RecipeId\":-1,\"CurrentVolume\":327,\"Version\":\"0.0.0\",\"ModuleId\":7}]}]},{\"ItemId\":597,\"TotalCount\":6,\"UniqueItems\":[]},{\"ItemId\":598,\"TotalCount\":20,\"UniqueItems\":[]},{\"ItemId\":430,\"TotalCount\":2,\"UniqueItems\":[]},{\"ItemId\":527,\"TotalCount\":6,\"UniqueItems\":[]},{\"ItemId\":420,\"TotalCount\":3,\"UniqueItems\":[]},{\"ItemId\":595,\"TotalCount\":16,\"UniqueItems\":[]},{\"ItemId\":445,\"TotalCount\":2,\"UniqueItems\":[]},{\"ItemId\":416,\"TotalCount\":6,\"UniqueItems\":[]},{\"ItemId\":419,\"TotalCount\":3,\"UniqueItems\":[]},{\"ItemId\":637,\"TotalCount\":1,\"UniqueItems\":[]},{\"ItemId\":548,\"TotalCount\":1,\"UniqueItems\":[]},{\"ItemId\":518,\"TotalCount\":1,\"UniqueItems\":[]},{\"ItemId\":635,\"TotalCount\":8,\"UniqueItems\":[]},{\"ItemId\":363,\"TotalCount\":39,\"UniqueItems\":[]},{\"ItemId\":376,\"TotalCount\":1,\"UniqueItems\":[]},{\"ItemId\":542,\"TotalCount\":1,\"UniqueItems\":[]},{\"ItemId\":386,\"TotalCount\":1,\"UniqueItems\":[{\"Modules\":[{\"Version\":\"0.0.0\",\"ModuleId\":8},{\"AmmoType\":362,\"CurrentAmmo\":6,\"WeaponModIds\":[],\"Version\":\"0.0.0\",\"ModuleId\":4}]}]},{\"ItemId\":692,\"TotalCount\":1,\"UniqueItems\":[]},{\"ItemId\":558,\"TotalCount\":1,\"UniqueItems\":[]},{\"ItemId\":723,\"TotalCount\":1,\"UniqueItems\":[]},{\"ItemId\":424,\"TotalCount\":1,\"UniqueItems\":[]},{\"ItemId\":664,\"TotalCount\":2,\"UniqueItems\":[]},{\"ItemId\":524,\"TotalCount\":5,\"UniqueItems\":[]},{\"ItemId\":537,\"TotalCount\":1,\"UniqueItems\":[]},{\"ItemId\":525,\"TotalCount\":1,\"UniqueItems\":[{\"Modules\":[{\"Version\":\"0.0.0\"},{\"Version\":\"0.0.0\",\"ModuleId\":8}]}]},{\"ItemId\":553,\"TotalCount\":4,\"UniqueItems\":[]},{\"ItemId\":687,\"TotalCount\":1,\"UniqueItems\":[]},{\"ItemId\":718,\"TotalCount\":1,\"UniqueItems\":[]},{\"ItemId\":557,\"TotalCount\":1,\"UniqueItems\":[]},{\"ItemId\":614,\"TotalCount\":1,\"UniqueItems\":[]},{\"ItemId\":367,\"TotalCount\":1,\"UniqueItems\":[{\"Modules\":[{\"Version\":\"0.0.0\"},{\"Version\":\"0.0.0\",\"ModuleId\":8}]}]},{\"ItemId\":678,\"TotalCount\":1,\"UniqueItems\":[]},{\"ItemId\":639,\"TotalCount\":1,\"UniqueItems\":[]},{\"ItemId\":722,\"TotalCount\":1,\"UniqueItems\":[]},{\"ItemId\":435,\"TotalCount\":1,\"UniqueItems\":[]},{\"ItemId\":626,\"TotalCount\":1,\"UniqueItems\":[]},{\"ItemId\":361,\"TotalCount\":1,\"UniqueItems\":[{\"Modules\":[{\"Version\":\"0.0.0\",\"ModuleId\":8},{\"AmmoType\":387,\"CurrentAmmo\":4,\"WeaponModIds\":[],\"Version\":\"0.0.0\",\"ModuleId\":4}]}]},{\"ItemId\":712,\"TotalCount\":1,\"UniqueItems\":[]},{\"ItemId\":572,\"TotalCount\":1,\"UniqueItems\":[{\"Modules\":[{\"Version\":\"0.0.0\",\"ModuleId\":8}]}]},{\"ItemId\":669,\"TotalCount\":1,\"UniqueItems\":[]},{\"ItemId\":698,\"TotalCount\":1,\"UniqueItems\":[]},{\"ItemId\":526,\"TotalCount\":1,\"UniqueItems\":[]},{\"ItemId\":699,\"TotalCount\":1,\"UniqueItems\":[]},{\"ItemId\":574,\"TotalCount\":1,\"UniqueItems\":[]},{\"ItemId\":720,\"TotalCount\":1,\"UniqueItems\":[]},{\"ItemId\":346,\"TotalCount\":1,\"UniqueItems\":[]},{\"ItemId\":714,\"TotalCount\":1,\"UniqueItems\":[]},{\"ItemId\":721,\"TotalCount\":1,\"UniqueItems\":[]}]}}"}}