{"Version":"0.0.0","Data":{"PlayerState":"{\"Version\":\"1.0.0\",\"_entries\":[{\"Name\":\"InventoryLightsActive\",\"BoolValue\":true},{\"Name\":\"isNewItemInInventory_00000486\"},{\"Name\":\"isNewItemInInventory_00000476\"},{\"Name\":\"DoneBuildFireTutorial\",\"BoolValue\":true},{\"Name\":\"isNewItemInInventory_00000380\"},{\"Name\":\"HasDismountedFromGolfCartBefore\",\"BoolValue\":true},{\"Name\":\"MissingTacticalFound_Buried\",\"BoolValue\":true},{\"Name\":\"MissingTacticalsFound\",\"SettingType\":1,\"IntValue\":1},{\"Name\":\"ShowMissingTacticalsTutorial\"},{\"Name\":\"seenFirstTimeEquip_00000358\",\"BoolValue\":true},{\"Name\":\"isNewItemInInventory_00000402\"},{\"Name\":\"isNewItemInInventory_00000358\"},{\"Name\":\"isNewItemInInventory_00000393\"},{\"Name\":\"seenFirstTimeEquip_00000486\",\"BoolValue\":true},{\"Name\":\"Strength\",\"SettingType\":2,\"FloatValue\":78.67226},{\"Name\":\"StrengthLevel\",\"SettingType\":1,\"IntValue\":4},{\"Name\":\"CurrentStrength\",\"SettingType\":2,\"FloatValue\":949.5155},{\"Name\":\"RequiredCurrentStrengthPerLevel\",\"SettingType\":2,\"FloatValue\":1206.92542},{\"Name\":\"MaxHealth\",\"SettingType\":2,\"FloatValue\":106.0},{\"Name\":\"CurrentHealth\",\"SettingType\":2,\"FloatValue\":106.0},{\"Name\":\"TargetHealth\",\"SettingType\":2,\"FloatValue\":106.0},{\"Name\":\"Sickness\",\"SettingType\":2},{\"Name\":\"Hydration\",\"SettingType\":2,\"FloatValue\":76.9464},{\"Name\":\"Fullness\",\"SettingType\":2,\"FloatValue\":19.15012},{\"Name\":\"Rest\",\"SettingType\":2,\"FloatValue\":22.6931419},{\"Name\":\"Stamina\",\"SettingType\":2,\"FloatValue\":42.24563},{\"Name\":\"HydrationBuff\",\"SettingType\":2,\"FloatValue\":-0.8084894},{\"Name\":\"FullnessBuff\",\"SettingType\":2,\"FloatValue\":-7.105898},{\"Name\":\"RestBuff\",\"SettingType\":2,\"FloatValue\":0.2269314},{\"Name\":\"CookingBuffTimeRemaining\",\"SettingType\":2,\"FloatValue\":-0.0157132745},{\"Name\":\"CookingBuffRecipe\",\"SettingType\":1,\"IntValue\":-1},{\"Name\":\"player.position\",\"SettingType\":4,\"FloatArrayValue\":[984.7667,-184.299149,395.6473]},{\"Name\":\"player.rotation\",\"SettingType\":4,\"FloatArrayValue\":[0.0,0.955833256,0.0,0.29390952]},{\"Name\":\"player.areaMask\",\"SettingType\":1,\"IntValue\":32},{\"Name\":\"isNewItemInInventory_00000483\"},{\"Name\":\"crafted.00000379\",\"SettingType\":1,\"IntValue\":1},{\"Name\":\"crafted.00000412\",\"SettingType\":1,\"IntValue\":1},{\"Name\":\"crafted.00000413\",\"SettingType\":1,\"IntValue\":1},{\"Name\":\"crafted.00000589\",\"SettingType\":1,\"IntValue\":1},{\"Name\":\"isNewCraftingRecipe_StartingEmergencyPackRecipe\"},{\"Name\":\"ShowMissingPufftonsTutorial\"},{\"Name\":\"seenFirstTimeEquip_00000412\",\"BoolValue\":true},{\"Name\":\"GpsZoomTutorialComplete\",\"BoolValue\":true},{\"Name\":\"GPSZoomLevel\",\"SettingType\":1,\"IntValue\":1},{\"Name\":\"seenFirstTimeEquip_00000589\",\"BoolValue\":true},{\"Name\":\"TutorialBookPageIndex\",\"SettingType\":1},{\"Name\":\"SCREWBookLastUsed\"},{\"Name\":\"BlueprintBookPageIndex\",\"SettingType\":1,\"IntValue\":5},{\"Name\":\"seenFirstTimeEquip_00000413\",\"BoolValue\":true},{\"Name\":\"isNewItemInInventory_00000589\"},{\"Name\":\"isNewItemInInventory_00000436\"},{\"Name\":\"consumed.00000436\",\"SettingType\":1,\"IntValue\":2},{\"Name\":\"isNewItemInInventory_00000508\"},{\"Name\":\"isNewItemInInventory_00000484\"},{\"Name\":\"isNewItemInInventory_00000412\"},{\"Name\":\"isNewItemInInventory_00000379\"},{\"Name\":\"isNewItemInInventory_00000413\"},{\"Name\":\"seenFirstTimeEquip_00000379\",\"BoolValue\":true},{\"Name\":\"isNewItemInInventory_00000392\"},{\"Name\":\"isNewItemInInventory_00000495\"},{\"Name\":\"isNewItemInInventory_00000529\"},{\"Name\":\"crafted.00000618\",\"SettingType\":1,\"IntValue\":61},{\"Name\":\"crafted.00000426\",\"SettingType\":1,\"IntValue\":4},{\"Name\":\"HasSeenBuildStorageTutorial\",\"BoolValue\":true},{\"Name\":\"crafted.00000391\",\"SettingType\":1,\"IntValue\":1},{\"Name\":\"crafted.00000560\",\"SettingType\":1,\"IntValue\":2},{\"Name\":\"HasBeenTiredBefore\",\"BoolValue\":true},{\"Name\":\"isNewItemInInventory_00000479\"},{\"Name\":\"hasOwned_00000402\",\"BoolValue\":true},{\"Name\":\"isNewItemInInventory_00000433\"},{\"Name\":\"isNewItemInInventory_00000466\"},{\"Name\":\"isNewItemInInventory_00000571\"},{\"Name\":\"isNewItemInInventory_00000570\"},{\"Name\":\"isNewItemInInventory_00000569\"},{\"Name\":\"consumed.00000570\",\"SettingType\":1,\"IntValue\":2},{\"Name\":\"consumed.00000571\",\"SettingType\":1,\"IntValue\":17},{\"Name\":\"consumed.00000569\",\"SettingType\":1,\"IntValue\":1},{\"Name\":\"seenFirstTimeEquip_00000365\",\"BoolValue\":true},{\"Name\":\"isNewItemInInventory_00000441\"},{\"Name\":\"isNewItemInInventory_00000462\"},{\"Name\":\"consumed.00000462\",\"SettingType\":1,\"IntValue\":1},{\"Name\":\"isNewItemInInventory_00000421\"},{\"Name\":\"isNewItemInInventory_00000434\"},{\"Name\":\"isNewItemInInventory_00000425\"},{\"Name\":\"isNewItemInInventory_00000365\"},{\"Name\":\"seenFirstTimeEquip_00000568\",\"BoolValue\":true},{\"Name\":\"PointOfInterestFound_Bunker Residential\",\"BoolValue\":true},{\"Name\":\"isNewItemInInventory_00000568\"},{\"Name\":\"isNewItemInInventory_00000690\"},{\"Name\":\"isNewItemInInventory_00000439\"},{\"Name\":\"consumed.00000441\",\"SettingType\":1,\"IntValue\":2},{\"Name\":\"consumed.00000480\",\"SettingType\":1,\"IntValue\":1},{\"Name\":\"consumed.00000481\",\"SettingType\":1,\"IntValue\":1},{\"Name\":\"isNewItemInInventory_00000474\"},{\"Name\":\"isNewItemInInventory_00000363\"},{\"Name\":\"isNewItemInInventory_00000661\"},{\"Name\":\"isNewItemInInventory_00000523\"},{\"Name\":\"isNewItemInInventory_00000480\"},{\"Name\":\"isNewItemInInventory_00000482\"},{\"Name\":\"isNewItemInInventory_00000416\"},{\"Name\":\"isNewItemInInventory_00000527\"},{\"Name\":\"isNewItemInInventory_00000517\"},{\"Name\":\"consumed.00000517\",\"SettingType\":1,\"IntValue\":5},{\"Name\":\"GolfCartRadioActive\"},{\"Name\":\"crafted.00000553\",\"SettingType\":1,\"IntValue\":7},{\"Name\":\"seenFirstTimeEquip_00000575\",\"BoolValue\":true},{\"Name\":\"crafted.00000428\",\"SettingType\":1,\"IntValue\":2},{\"Name\":\"isNewCraftingRecipeTutorial_CraftedSpearRecipe\"},{\"Name\":\"isNewCraftingRecipeTutorial_LeafArmourRecipe\"},{\"Name\":\"isNewCraftingRecipeTutorial_MolotovRecipe\"},{\"Name\":\"isNewCraftingRecipeTutorial_TorchRecipe\"},{\"Name\":\"isNewItemInInventory_00000419\"},{\"Name\":\"isNewItemInInventory_00000415\"},{\"Name\":\"isNewItemInInventory_00000461\"},{\"Name\":\"consumed.00000461\",\"SettingType\":1,\"IntValue\":1},{\"Name\":\"isNewItemInInventory_00000418\"},{\"Name\":\"isNewItemInInventory_00000635\"},{\"Name\":\"isNewItemInInventory_00000496\"},{\"Name\":\"consumed.00000439\",\"SettingType\":1,\"IntValue\":18},{\"Name\":\"seenFirstTimeEquip_00000705\",\"BoolValue\":true},{\"Name\":\"seenFirstTimeEquip_00000340\",\"BoolValue\":true},{\"Name\":\"seenFirstTimeEquip_00000567\",\"BoolValue\":true},{\"Name\":\"PointOfInterestFound_Bunker B\",\"BoolValue\":true},{\"Name\":\"consumed.00000437\",\"SettingType\":1,\"IntValue\":5},{\"Name\":\"isNewCraftingRecipeTutorial_ChainsawRechargeRecipe\"},{\"Name\":\"seenFirstTimeEquip_00000394\",\"BoolValue\":true},{\"Name\":\"isNewItemInInventory_00000387\"},{\"Name\":\"isNewItemInInventory_00000364\"},{\"Name\":\"isNewItemInInventory_00000634\"},{\"Name\":\"isNewItemInInventory_00000651\"},{\"Name\":\"isNewItemInInventory_00000593\"},{\"Name\":\"isNewItemInInventory_00000414\"},{\"Name\":\"isNewItemInInventory_00000502\"},{\"Name\":\"isNewItemInInventory_00000394\"},{\"Name\":\"isNewItemInInventory_00000340\"},{\"Name\":\"isNewItemInInventory_00000575\"},{\"Name\":\"crafted.00000503\",\"SettingType\":1,\"IntValue\":1},{\"Name\":\"isNewCraftingRecipe_TorchRecipe\"},{\"Name\":\"TorchWasLit\",\"BoolValue\":true},{\"Name\":\"isNewItemInInventory_00000410\"},{\"Name\":\"isNewItemInInventory_00000503\"},{\"Name\":\"isNewItemInInventory_00000567\"},{\"Name\":\"isNewItemInInventory_00000374\"},{\"Name\":\"isNewItemInInventory_00000381\"},{\"Name\":\"isNewItemInInventory_00000590\"},{\"Name\":\"isNewItemInInventory_00000390\"},{\"Name\":\"isNewItemInInventory_00000467\"},{\"Name\":\"isNewItemInInventory_00000705\"},{\"Name\":\"isNewItemInInventory_00000472\"},{\"Name\":\"isNewItemInInventory_00000451\"},{\"Name\":\"isNewItemInInventory_00000602\"},{\"Name\":\"hasOwned_00000490\",\"BoolValue\":true},{\"Name\":\"isNewItemInInventory_00000437\"},{\"Name\":\"isNewItemInInventory_00000346\"},{\"Name\":\"crafted.00000358\",\"SettingType\":1,\"IntValue\":2},{\"Name\":\"isNewCraftingRecipe_ShotgunRailRecipe\"},{\"Name\":\"isNewCraftingRecipeTutorial_BoneArmourRecipe\"},{\"Name\":\"isNewCraftingRecipeTutorial_CraftedAxeRecipe\"},{\"Name\":\"isNewCraftingRecipeTutorial_CraftedBowRecipe\"},{\"Name\":\"HasDismountedFromKnightVBefore\",\"BoolValue\":true},{\"Name\":\"PointOfInterestFound_Bunker C\",\"BoolValue\":true},{\"Name\":\"isNewItemInInventory_00000362\"},{\"Name\":\"consumed.00000433\",\"SettingType\":1,\"IntValue\":1},{\"Name\":\"isNewItemInInventory_00000426\"},{\"Name\":\"isNewItemInInventory_00000490\"},{\"Name\":\"seenFirstTimeEquip_00000633\",\"BoolValue\":true},{\"Name\":\"isNewItemInInventory_00000725\"},{\"Name\":\"isNewItemInInventory_00000448\"},{\"Name\":\"isNewItemInInventory_00000446\"},{\"Name\":\"isNewItemInInventory_00000596\"},{\"Name\":\"isNewItemInInventory_00000599\"},{\"Name\":\"isNewItemInInventory_00000606\"},{\"Name\":\"PointOfInterestFound_Bunker Entertainment\",\"BoolValue\":true},{\"Name\":\"isNewItemInInventory_00000469\"},{\"Name\":\"isNewItemInInventory_00000405\"},{\"Name\":\"isNewItemInInventory_00000594\"},{\"Name\":\"isNewItemInInventory_00000633\"},{\"Name\":\"hasOwned_00000444\",\"BoolValue\":true},{\"Name\":\"seenFirstTimeEquip_00000444\",\"BoolValue\":true},{\"Name\":\"isNewItemInInventory_00000438\"},{\"Name\":\"isNewItemInInventory_00000481\"},{\"Name\":\"isNewItemInInventory_00000444\"},{\"Name\":\"isNewCraftingRecipeTutorial_CraftedClubRecipe\"},{\"Name\":\"GotTutorialTarp\",\"BoolValue\":true},{\"Name\":\"consumed.00000425\",\"SettingType\":1,\"IntValue\":4},{\"Name\":\"isNewCraftingRecipeTutorial_TimeBombRecipe\"},{\"Name\":\"ActionCameraVideoCollected_Sahara Confidential\",\"BoolValue\":true},{\"Name\":\"CurrentActionVideoIndex\",\"SettingType\":1,\"IntValue\":3},{\"Name\":\"seenFirstTimeEquip_00000637\",\"BoolValue\":true},{\"Name\":\"hasViewedFoundRecording_Sahara Confidential\",\"BoolValue\":true},{\"Name\":\"seenFirstTimeEquip_00000386\",\"BoolValue\":true},{\"Name\":\"isNewItemInInventory_00000420\"},{\"Name\":\"isNewItemInInventory_00000403\"},{\"Name\":\"isNewItemInInventory_00000604\"},{\"Name\":\"isNewItemInInventory_00000386\"},{\"Name\":\"isNewItemInInventory_00000376\"},{\"Name\":\"isNewItemInInventory_00000440\"},{\"Name\":\"hasOwned_00000558\",\"BoolValue\":true},{\"Name\":\"seenFirstTimeEquip_00000424\",\"BoolValue\":true},{\"Name\":\"isNewCraftingRecipeTutorial_TechArmourRecipe\"},{\"Name\":\"hasOwned_00000557\",\"BoolValue\":true},{\"Name\":\"seenFirstTimeEquip_00000367\",\"BoolValue\":true},{\"Name\":\"isNewItemInInventory_00000525\"},{\"Name\":\"isNewItemInInventory_00000367\"},{\"Name\":\"isNewItemInInventory_00000637\"},{\"Name\":\"isNewItemInInventory_00000504\"},{\"Name\":\"isNewItemInInventory_00000598\"},{\"Name\":\"isNewItemInInventory_00000595\"},{\"Name\":\"isNewItemInInventory_00000378\"},{\"Name\":\"isNewItemInInventory_00000597\"},{\"Name\":\"isNewItemInInventory_00000724\"},{\"Name\":\"consumed.00000438\",\"SettingType\":1,\"IntValue\":2},{\"Name\":\"consumed.00000421\",\"SettingType\":1,\"IntValue\":2},{\"Name\":\"hasOwned_00000639\",\"BoolValue\":true},{\"Name\":\"isNewItemInInventory_00000518\"},{\"Name\":\"PointOfInterestFound_Bunker Luxury\",\"BoolValue\":true},{\"Name\":\"ShowFindCreepyCauseTutorial\"},{\"Name\":\"seenFirstTimeEquip_00000435\",\"BoolValue\":true},{\"Name\":\"ActionCameraVideoCollected_Cultists1\",\"BoolValue\":true},{\"Name\":\"hasViewedFoundRecording_Cultists1\",\"BoolValue\":true},{\"Name\":\"seenFirstTimeEquip_00000361\",\"BoolValue\":true},{\"Name\":\"isNewItemInInventory_00000361\"},{\"Name\":\"isNewItemInInventory_00000435\"},{\"Name\":\"seenFirstTimeEquip_00000712\",\"BoolValue\":true},{\"Name\":\"hasOwned_00000572\",\"BoolValue\":true},{\"Name\":\"isNewCraftingRecipe_ShotgunFlashlightModRecipe\"},{\"Name\":\"seenFirstTimeEquip_00000669\",\"BoolValue\":true},{\"Name\":\"isNewItemInInventory_00000669\"},{\"Name\":\"isNewItemInInventory_00000626\"},{\"Name\":\"seenFirstTimeEquip_00000574\",\"BoolValue\":true},{\"Name\":\"ActionCameraVideoCollected_Estate Agent\",\"BoolValue\":true},{\"Name\":\"hasViewedFoundRecording_Estate Agent\",\"BoolValue\":true},{\"Name\":\"isNewItemInInventory_00000712\"},{\"Name\":\"DiscoverablePageUnlocked_714\",\"BoolValue\":true}],\"NamedInts\":[{\"SaveObjectNameId\":\"BunkerLuxury.Cutscene.MutantBossIntro\"},{\"SaveObjectNameId\":\"BunkerResidential.Cutscene.GetDownSon\",\"SaveValue\":1},{\"SaveObjectNameId\":\"BunkerLuxury.Cutscene.GoldRoom\"}]}"}}